,wavelength,flux
0,500.0,0.0
1,504.0,0.0
2,508.0,0.0
3,512.0,0.0
4,516.0,0.0
5,520.0,0.0
6,524.0,0.0
7,528.0,0.0
8,532.0,0.0
9,536.0,0.0
10,540.0,0.0
11,544.0,0.0
12,548.0,0.0
13,552.0,0.0
14,556.0,0.0
15,560.0,0.0
16,564.0,0.0
17,568.0,0.0
18,572.0,0.0
19,576.0,0.0
20,580.0,0.0
21,584.0,0.0
22,588.0,0.0
23,592.0,0.0
24,596.0,0.0
25,600.0,0.0
26,604.0,0.0
27,608.0,0.0
28,612.0,0.0
29,616.0,0.0
30,620.0,0.0
31,624.0,0.0
32,628.0,0.0
33,632.0,0.0
34,636.0,0.0
35,640.0,0.0
36,644.0,0.0
37,648.0,0.0
38,652.0,0.0
39,656.0,0.0
40,660.0,0.0
41,664.0,0.0
42,668.0,0.0
43,672.0,0.0
44,676.0,0.0
45,680.0,0.0
46,684.0,0.0
47,688.0,0.0
48,692.0,0.0
49,696.0,0.0
50,700.0,0.0
51,704.0,0.0
52,708.0,0.0
53,712.0,0.0
54,716.0,0.0
55,720.0,0.0
56,724.0,0.0
57,728.0,0.0
58,732.0,0.0
59,736.0,0.0
60,740.0,0.0
61,744.0,0.0
62,748.0,0.0
63,752.0,0.0
64,756.0,0.0
65,760.0,0.0
66,764.0,0.0
67,768.0,0.0
68,772.0,0.0
69,776.0,0.0
70,780.0,0.0
71,784.0,0.0
72,788.0,0.0
73,792.0,0.0
74,796.0,0.0
75,800.0,0.0
76,804.0,0.0
77,808.0,0.0
78,812.0,0.0
79,816.0,0.0
80,820.0,0.0
81,824.0,1.0025565723713459
82,828.0,0.0
83,832.0,0.8698505028656031
84,836.0,0.7693472161945144
85,840.0,1.1665978066699405
86,844.0,0.6748521311484513
87,848.0,1.0908342998195528
88,852.0,0.9766013592946658
89,856.0,0.6663402610915691
90,860.0,0.8159907288678394
91,864.0,0.9322182233427722
92,868.0,0.8251783752027475
93,872.0,1.1305266342930367
94,876.0,1.3138723984676035
95,880.0,1.1296863081450375
96,884.0,1.3427644947667265
97,888.0,1.0431033560252363
98,892.0,0.776871835782339
99,896.0,0.9689910370438509
100,900.0,0.840203174390229
101,904.0,1.2175814051349452
102,908.0,1.142603605092568
103,912.0,1.1076997787517466
104,916.0,1.2671888116733496
105,920.0,1.5529621432717218
106,924.0,1.408136074393632
107,928.0,1.6828240424462098
108,932.0,1.5318156256863393
109,936.0,1.3158792179734944
110,940.0,1.9456659380404266
111,944.0,1.7044633727777794
112,948.0,1.9038038194323603
113,952.0,1.9975633889483877
114,956.0,2.1022338416888138
115,960.0,1.5956559294159027
116,964.0,1.6940460200424592
117,968.0,1.7914066863664106
118,972.0,1.7194052200447796
119,976.0,2.150533921986128
120,980.0,1.9705091561411823
121,984.0,2.106335848913343
122,988.0,2.2334331516914494
123,992.0,1.9083668423134927
124,996.0,2.0549841098993116
125,1000.0,1.9093004329627457
126,1004.0,1.9638886243336442
127,1008.0,2.0488060518227735
128,1012.0,1.8128993448037793
129,1016.0,1.869672055713248
130,1020.0,1.7400625426017808
131,1024.0,2.0368608282675424
132,1028.0,2.165035028605858
133,1032.0,2.7388538982110155
134,1036.0,3.0769044794350755
135,1040.0,2.9175918058276604
136,1044.0,2.856170230046596
137,1048.0,2.4733885352341236
138,1052.0,2.410332218323203
139,1056.0,2.2109290308666645
140,1060.0,2.355062553894264
141,1064.0,2.195697121235398
142,1068.0,2.3268731708056096
143,1072.0,2.011618418722423
144,1076.0,2.0448645741736535
145,1080.0,1.9823041651665048
146,1084.0,2.0418285033762094
147,1088.0,2.0039295084132642
148,1092.0,2.1649509897507286
149,1096.0,1.8029442630403327
150,1100.0,1.798487109576146
151,1104.0,1.895445488928543
152,1108.0,1.6924451273809156
153,1112.0,1.8522661398532476
154,1116.0,1.8608656133458807
155,1120.0,1.89569640403677
156,1124.0,1.7894414017113303
157,1128.0,1.78443307736578
158,1132.0,1.7737828254383539
159,1136.0,1.597547145932429
160,1140.0,1.6506094520889922
161,1144.0,1.7732030448319267
162,1148.0,1.7122864770427797
163,1152.0,1.638210539565919
164,1156.0,1.5778114993455188
165,1160.0,1.6901501579524172
166,1164.0,1.7510888204861397
167,1168.0,1.8181814739626976
168,1172.0,1.9565993148879908
169,1176.0,1.9687939717397822
170,1180.0,1.9784541352083138
171,1184.0,1.9984069635430557
172,1188.0,2.072828471823746
173,1192.0,2.308895762527951
174,1196.0,2.4330971738222025
175,1200.0,2.464817001661012
176,1204.0,2.843816439602933
177,1208.0,3.280844792898398
178,1212.0,4.478435482372678
179,1216.0,5.478211466729
180,1220.0,5.10216010300724
181,1224.0,5.617317458156294
182,1228.0,5.32517516815782
183,1232.0,4.58764811107414
184,1236.0,4.36371350278181
185,1240.0,4.128101532350116
186,1244.0,4.00517502896673
187,1248.0,3.5163515738616224
188,1252.0,3.2693366683894944
189,1256.0,2.956078611194407
190,1260.0,2.805056055003518
191,1264.0,2.555696019225669
192,1268.0,2.4168938328871334
193,1272.0,2.2170615034262107
194,1276.0,2.249839879350118
195,1280.0,2.1230584300617124
196,1284.0,2.056724107161741
197,1288.0,2.011253223046751
198,1292.0,1.9534544745113807
199,1296.0,2.030878547387474
200,1300.0,2.0528604271161393
201,1304.0,2.1656383277875335
202,1308.0,2.111562238618445
203,1312.0,1.945428461167102
204,1316.0,1.972507628341852
205,1320.0,1.9691183673084331
206,1324.0,1.872390398751867
207,1328.0,1.8555668589727101
208,1332.0,1.8626897915647829
209,1336.0,1.8942832020431195
210,1340.0,1.9489556183785868
211,1344.0,1.8836672523757694
212,1348.0,1.770496981814994
213,1352.0,1.8737710335648559
214,1356.0,1.7886996911712456
215,1360.0,1.8373512289399996
216,1364.0,1.8752277514973275
217,1368.0,1.8505110406110743
218,1372.0,1.79176967263238
219,1376.0,1.7159492227748185
220,1380.0,1.8925277036437351
221,1384.0,1.837047591787336
222,1388.0,1.9672639792297208
223,1392.0,2.081270508668727
224,1396.0,2.162720552102182
225,1400.0,2.1979065263251103
226,1404.0,2.20147223824606
227,1408.0,2.142446818936862
228,1412.0,2.0273778025144416
229,1416.0,1.934433999274639
230,1420.0,1.8115900571984505
231,1424.0,1.8751871312038595
232,1428.0,1.775649803056293
233,1432.0,1.6961776217823665
234,1436.0,1.6530183047235831
235,1440.0,1.6771367973125004
236,1444.0,1.6302943285490383
237,1448.0,1.5836798765169218
238,1452.0,1.563795529719753
239,1456.0,1.59408333095163
240,1460.0,1.5749104589544793
241,1464.0,1.621849365488354
242,1468.0,1.5884732161088855
243,1472.0,1.5756378823277382
244,1476.0,1.5666347738316722
245,1480.0,1.6284747819843997
246,1484.0,1.6345854184486377
247,1488.0,1.717556388698682
248,1492.0,1.602532092615159
249,1496.0,1.5714201129929546
250,1500.0,1.6781254778147623
251,1504.0,1.6501505371089413
252,1508.0,1.7483941611521348
253,1512.0,1.6372063028006316
254,1516.0,1.7584808621293626
255,1520.0,1.7206138716550936
256,1524.0,1.8747710477426582
257,1528.0,1.9748284393418627
258,1532.0,2.096248117544231
259,1536.0,2.2851342489085105
260,1540.0,2.537471622398998
261,1544.0,2.9924008294658972
262,1548.0,3.2099181838297604
263,1552.0,3.1063224084969696
264,1556.0,2.9485602919080094
265,1560.0,2.701041619324992
266,1564.0,2.476714338669378
267,1568.0,2.1250820397551644
268,1572.0,2.0394843834475447
269,1576.0,1.9679826927361923
270,1580.0,1.836163353079514
271,1584.0,1.7862030562059723
272,1588.0,1.6886785626069614
273,1592.0,1.7294295868959235
274,1596.0,1.7052455420864523
275,1600.0,1.7134116545791103
276,1604.0,1.693792524966196
277,1608.0,1.6447398508084143
278,1612.0,1.6205020847255873
279,1616.0,1.628916004426807
280,1620.0,1.656094216180098
281,1624.0,1.7126526936051871
282,1628.0,1.664586580455911
283,1632.0,1.7301025338623888
284,1636.0,1.7215269743407917
285,1640.0,1.6847090409757488
286,1644.0,1.6294614236274372
287,1648.0,1.6966592668785845
288,1652.0,1.5780196926131045
289,1656.0,1.6215770634968547
290,1660.0,1.5938522161198978
291,1664.0,1.5319328002717771
292,1668.0,1.5334065837703226
293,1672.0,1.5156672257150108
294,1676.0,1.4893812807441533
295,1680.0,1.4557442692070286
296,1684.0,1.4093843248400548
297,1688.0,1.404799887425508
298,1692.0,1.382157185524937
299,1696.0,1.40568437554421
300,1700.0,1.3846684722968208
301,1704.0,1.3442206928561948
302,1708.0,1.3703980860859093
303,1712.0,1.3496294809409681
304,1716.0,1.3997721296592192
305,1720.0,1.381650243961238
306,1724.0,1.3407630748218613
307,1728.0,1.349201442114854
308,1732.0,1.3642765542313997
309,1736.0,1.3768615338930221
310,1740.0,1.3621327015464548
311,1744.0,1.3566129467532035
312,1748.0,1.4172306956966412
313,1752.0,1.381462785275777
314,1756.0,1.3805264845106946
315,1760.0,1.3673702067791567
316,1764.0,1.296728720929172
317,1768.0,1.339872016244482
318,1772.0,1.302993132121822
319,1776.0,1.328041023723201
320,1780.0,1.3401131428880761
321,1784.0,1.3150278574314491
322,1788.0,1.2632223304156665
323,1792.0,1.3297546733782628
324,1796.0,1.2812379761663424
325,1800.0,1.2759420053953436
326,1804.0,1.2626326550473648
327,1808.0,1.2703994180930978
328,1812.0,1.2457080493060173
329,1816.0,1.2518029777239685
330,1820.0,1.2412987025936524
331,1824.0,1.2637493963519189
332,1828.0,1.2560089534891647
333,1832.0,1.2445761220582654
334,1836.0,1.2315087656762918
335,1840.0,1.2270097831528746
336,1844.0,1.2867707028026916
337,1848.0,1.292751717199996
338,1852.0,1.2739571627886823
339,1856.0,1.3354759163922558
340,1860.0,1.338403506315587
341,1864.0,1.3417497029903647
342,1868.0,1.381891149607853
343,1872.0,1.3542937338147523
344,1876.0,1.3295021997881413
345,1880.0,1.3497640415938374
346,1884.0,1.4752086789528995
347,1888.0,1.4430544915504926
348,1892.0,1.55378788045326
349,1896.0,1.6188742702476784
350,1900.0,1.6689128789938381
351,1904.0,1.7626050452462
352,1908.0,1.7553341541440959
353,1912.0,1.6547287879775896
354,1916.0,1.6652630760949396
355,1920.0,1.5374939289776512
356,1924.0,1.5051865023150435
357,1928.0,1.4367919543361458
358,1932.0,1.3388572421918021
359,1936.0,1.2844664940420794
360,1940.0,1.2684277646694058
361,1944.0,1.1784065268501926
362,1948.0,1.2009779154686986
363,1952.0,1.1877790905206154
364,1956.0,1.1434656718500487
365,1960.0,1.1273062920673615
366,1964.0,1.1206318087563478
367,1968.0,1.1137279146751575
368,1972.0,1.0761532569554177
369,1976.0,1.1250147765966327
370,1980.0,1.0957273888139505
371,1984.0,1.0988360542883404
372,1988.0,1.0417841766503164
373,1992.0,1.107505189092039
374,1996.0,1.0813503171039218
375,2000.0,1.049584517770725
376,2004.0,1.0573145883963575
377,2008.0,1.0288577779338277
378,2012.0,1.0562721120925977
379,2016.0,1.023554171336812
380,2020.0,1.052251550697667
381,2024.0,0.9996551838199579
382,2028.0,1.0445366388862043
383,2032.0,1.0020016432869159
384,2036.0,0.9915861836612425
385,2040.0,1.0249183708366323
386,2044.0,1.0127870596796156
387,2048.0,0.9693182217026258
388,2052.0,1.014722476080972
389,2056.0,0.9922494635768903
390,2060.0,0.9832839596077823
391,2064.0,1.011189177473222
392,2068.0,1.0248515458689293
393,2072.0,1.0358820334308303
394,2076.0,1.0100164531666536
395,2080.0,0.986635184794784
396,2084.0,1.0252382823085755
397,2088.0,1.0153155880755291
398,2092.0,1.0163364255346659
399,2096.0,0.965738918129249
400,2100.0,0.9907470952347555
401,2104.0,0.9783192597147372
402,2108.0,1.024190522271974
403,2112.0,0.9866894498891101
404,2116.0,0.9306046696584508
405,2120.0,0.9746356391959877
406,2124.0,0.9423052457975224
407,2128.0,0.8979940190267456
408,2132.0,0.9452627897247392
409,2136.0,0.922441018425336
410,2140.0,0.9146007982657918
411,2144.0,0.91023033044846
412,2148.0,0.9077383723863182
413,2152.0,0.9345778907674053
414,2156.0,0.903251440369299
415,2160.0,0.883087254694215
416,2164.0,0.9082326789839963
417,2168.0,0.8992887614329842
418,2172.0,0.8805112189789611
419,2176.0,0.9268400995324959
420,2180.0,0.8901132200609587
421,2184.0,0.8733559926938186
422,2188.0,0.9270679748824809
423,2192.0,0.8864623093261113
424,2196.0,0.8986256584438186
425,2200.0,0.848878416119814
426,2204.0,0.8852691387477553
427,2208.0,0.8782304479948422
428,2212.0,0.8658307434779842
429,2216.0,0.833972346808804
430,2220.0,0.903940183434747
431,2224.0,0.8624646903589461
432,2228.0,0.8174543359164168
433,2232.0,0.8831854972764024
434,2236.0,0.8575488008523088
435,2240.0,0.8637790689514033
436,2244.0,0.8508978578833274
437,2248.0,0.8487424437667437
438,2252.0,0.8072902573144926
439,2256.0,0.8617032094846054
440,2260.0,0.8778907001630089
441,2264.0,0.848717230348415
442,2268.0,0.8442313173959206
443,2272.0,0.849611396032101
444,2276.0,0.8736445200513194
445,2280.0,0.8557511756837844
446,2284.0,0.8689896532701532
447,2288.0,0.8665024029495384
448,2292.0,0.8877048094033853
449,2296.0,0.9014935488020246
450,2300.0,0.8696142954121744
451,2304.0,0.9057339592404597
452,2308.0,0.9155624773020671
453,2312.0,0.9175909258844903
454,2316.0,0.9189333026900331
455,2320.0,0.9015286930812635
456,2324.0,0.956483010323754
457,2328.0,0.9081062295961488
458,2332.0,0.8622879585185059
459,2336.0,0.9221412500527266
460,2340.0,0.9456448253665948
461,2344.0,0.9079930806807759
462,2348.0,0.8868786702803542
463,2352.0,0.8782288769287074
464,2356.0,0.9066559374336679
465,2360.0,0.8555422102919595
466,2364.0,0.8290861116587684
467,2368.0,0.8489364407537171
468,2372.0,0.871889738929424
469,2376.0,0.844074047974593
470,2380.0,0.8879375169008308
471,2384.0,0.8887666751172447
472,2388.0,0.8543201618144525
473,2392.0,0.8435038714047643
474,2396.0,0.8749187842926363
475,2400.0,0.863342975883179
476,2404.0,0.889745742530888
477,2408.0,0.8525875989467973
478,2412.0,0.86153178007139
479,2416.0,0.893037451228469
480,2420.0,0.8684542148362651
481,2424.0,0.8576310675376555
482,2428.0,0.8467179780094598
483,2432.0,0.8471883945675008
484,2436.0,0.8845732183338472
485,2440.0,0.8794915922639073
486,2444.0,0.9293947808112515
487,2448.0,0.9232609065262116
488,2452.0,0.8737802121616967
489,2456.0,0.8628156207164481
490,2460.0,0.8253521305865714
491,2464.0,0.8986270295826759
492,2468.0,0.8731575852589564
493,2472.0,0.8251556808229829
494,2476.0,0.8491756013918279
495,2480.0,0.9153804364427414
496,2484.0,0.900914060200154
497,2488.0,0.8571585484925869
498,2492.0,0.8851447202553939
499,2496.0,0.8756402212948257
500,2500.0,0.9353036185744216
501,2504.0,0.9245089692607344
502,2508.0,0.855742969439232
503,2512.0,0.8916650302560144
504,2516.0,0.8380194703270812
505,2520.0,0.8501636437030842
506,2524.0,0.8682185294368284
507,2528.0,0.9093734117647807
508,2532.0,0.850490109664212
509,2536.0,0.8398384441767199
510,2540.0,0.8569428933108759
511,2544.0,0.9039793493292279
512,2548.0,0.8617396969452815
513,2552.0,0.8735626157119655
514,2556.0,0.7896785048351412
515,2560.0,0.8530194981192752
516,2564.0,0.8777049046289278
517,2568.0,0.8123567046811377
518,2572.0,0.7889575633700089
519,2576.0,0.8151080049343667
520,2580.0,0.7960483821062037
521,2584.0,0.8186524537963407
522,2588.0,0.7764211180445139
523,2592.0,0.8040975878576139
524,2596.0,0.8342419706431607
525,2600.0,0.766592993574593
526,2604.0,0.8538626196146006
527,2608.0,0.7709906290246735
528,2612.0,0.8039659830981232
529,2616.0,0.8533295804046571
530,2620.0,0.7582076159561087
531,2624.0,0.8540397451547008
532,2628.0,0.8305533977906763
533,2632.0,0.7876404642085798
534,2636.0,0.793626947048526
535,2640.0,0.8545864423061945
536,2644.0,0.8131147348471311
537,2648.0,0.7272590926756305
538,2652.0,0.7224635493273913
539,2656.0,0.7276801484783112
540,2660.0,0.7316697186770995
541,2664.0,0.7544232096544017
542,2668.0,0.7474337303831459
543,2672.0,0.7901736154333345
544,2676.0,0.7158241598276497
545,2680.0,0.759785247916595
546,2684.0,0.7494725563579154
547,2688.0,0.7993629201764529
548,2692.0,0.8039343863658127
549,2696.0,0.7435393930544735
550,2700.0,0.7984034098505247
551,2704.0,0.7977156991386936
552,2708.0,0.7990446739572661
553,2712.0,0.7996875367817866
554,2716.0,0.7924419160733808
555,2720.0,0.7844167353897835
556,2724.0,0.7815263431716116
557,2728.0,0.83984391884682
558,2732.0,0.7964558393311987
559,2736.0,0.8148036223548952
560,2740.0,0.8644694896801967
561,2744.0,0.8588405990101459
562,2748.0,0.8129797081972134
563,2752.0,0.8538752866328404
564,2756.0,0.8487189894385235
565,2760.0,0.8537360867869493
566,2764.0,0.8642334032529868
567,2768.0,0.8599959690133346
568,2772.0,0.8749241051553616
569,2776.0,0.8784787307964913
570,2780.0,0.9562380935648028
571,2784.0,0.9657507369350531
572,2788.0,1.0781171771666582
573,2792.0,1.030394814678927
574,2796.0,1.174930917725723
575,2800.0,1.1324392094593325
576,2804.0,1.1579077258794608
577,2808.0,1.1745134773696249
578,2812.0,1.119641289768111
579,2816.0,1.0978813625010133
580,2820.0,1.0602475188225773
581,2824.0,1.0115189702798522
582,2828.0,0.9690888695710832
583,2832.0,0.8908040754778285
584,2836.0,0.9097998417732658
585,2840.0,0.846616239861828
586,2844.0,0.9035349803428078
587,2848.0,0.8853712562067735
588,2852.0,0.7981752470495439
589,2856.0,0.8079055475277643
590,2860.0,0.8204277818255059
591,2864.0,0.803333381363909
592,2868.0,0.8238061520325233
593,2872.0,0.8092034792546166
594,2876.0,0.7460746114753758
595,2880.0,0.7586919021198208
596,2884.0,0.7678121001966508
597,2888.0,0.7436130996302427
598,2892.0,0.7329523303600242
599,2896.0,0.7805620156598438
600,2900.0,0.7948343249095893
601,2904.0,0.767120591728708
602,2908.0,0.7374587746027357
603,2912.0,0.7531480202801208
604,2916.0,0.7237734534578709
605,2920.0,0.6876686603465177
606,2924.0,0.7397832773490035
607,2928.0,0.7498852140876122
608,2932.0,0.7367646560713532
609,2936.0,0.7107536097851617
610,2940.0,0.7389405354226675
611,2944.0,0.7780284335876074
612,2948.0,0.7003187959359926
613,2952.0,0.7784922348884461
614,2956.0,0.7289733591610911
615,2960.0,0.7381120750599786
616,2964.0,0.7999544006088029
617,2968.0,0.7256772231008751
618,2972.0,0.73238174879427
619,2976.0,0.7329338000434061
620,2980.0,0.736746770359258
621,2984.0,0.7617265277286416
622,2988.0,0.7175341921885224
623,2992.0,0.7183152646875933
624,2996.0,0.7106766610652914
625,3000.0,0.7428783214113641
626,3004.0,0.6546839708520853
627,3008.0,0.6853996630288842
628,3012.0,0.6873007662183281
629,3016.0,0.7066709123987651
630,3020.0,0.6419799273383452
631,3024.0,0.712161788358735
632,3028.0,0.6679350890266648
633,3032.0,0.6157731272226776
634,3036.0,0.6556075829900903
635,3040.0,0.667936668828226
636,3044.0,0.6629694810872687
637,3048.0,0.6543594921212083
638,3052.0,0.6457388220578935
639,3056.0,0.64191168295154
640,3060.0,0.6230310353979
641,3064.0,0.6381800112554914
642,3068.0,0.6458901572702238
643,3072.0,0.677176747510268
644,3076.0,0.6698024187339618
645,3080.0,0.6029655568044042
646,3084.0,0.6220972733042103
647,3088.0,0.6400592054043904
648,3092.0,0.7113269643048369
649,3096.0,0.6807978235283836
650,3100.0,0.6343113284012604
651,3104.0,0.637613785817857
652,3108.0,0.6976246377665577
653,3112.0,0.6190038969364772
654,3116.0,0.6473073141542813
655,3120.0,0.6960889073612836
656,3124.0,0.6772658507873337
657,3128.0,0.6923389718135514
658,3132.0,0.695599698003371
659,3136.0,0.6984556417615988
660,3140.0,0.6754238377722884
661,3144.0,0.702489298106799
662,3148.0,0.6972207294089074
663,3152.0,0.699158395090855
664,3156.0,0.6546079589451842
665,3160.0,0.6528090105207986
666,3164.0,0.6889860865344146
667,3168.0,0.6750329712481891
668,3172.0,0.6810734649407538
669,3176.0,0.7021499240723234
670,3180.0,0.7089293774774881
671,3184.0,0.6993974970330379
672,3188.0,0.6837478166265103
673,3192.0,0.68090365689525
674,3196.0,0.6513647724468871
675,3200.0,0.683410760065899
676,3204.0,0.701743070804543
677,3208.0,0.7090871090999059
678,3212.0,0.6707446915517898
679,3216.0,0.6997649718719209
680,3220.0,0.6248864025554784
681,3224.0,0.6401152252413495
682,3228.0,0.6256087610734119
683,3232.0,0.6147694694606477
684,3236.0,0.6857540276817757
685,3240.0,0.6711300956603768
686,3244.0,0.6615838396447378
687,3248.0,0.6350042759837572
688,3252.0,0.6481303215597094
689,3256.0,0.6389087530304526
690,3260.0,0.6396560833772271
691,3264.0,0.6506089222322559
692,3268.0,0.666413265322956
693,3272.0,0.6464820393563339
694,3276.0,0.6616127904105247
695,3280.0,0.6284245412126125
696,3284.0,0.6259780537329077
697,3288.0,0.701882976640901
698,3292.0,0.6259566203628992
699,3296.0,0.6252173158765009
700,3300.0,0.633977324863878
701,3304.0,0.6463839708505841
702,3308.0,0.608497442455174
703,3312.0,0.6737141331787988
704,3316.0,0.6588168513819525
705,3320.0,0.6517718330601812
706,3324.0,0.6318800491600494
707,3328.0,0.649768298737414
708,3332.0,0.6279083523775223
709,3336.0,0.6146351073334421
710,3340.0,0.6020157022439011
711,3344.0,0.6447819457832661
712,3348.0,0.6443023575180696
713,3352.0,0.5719671971064076
714,3356.0,0.5509468003851946
715,3360.0,0.6312378183943441
716,3364.0,0.6435560917930869
717,3368.0,0.5826001894044999
718,3372.0,0.6305511114227956
719,3376.0,0.5945867011970511
720,3380.0,0.5777389167009124
721,3384.0,0.5806329118518215
722,3388.0,0.6174342112627621
723,3392.0,0.6028643535226516
724,3396.0,0.5865235481934529
725,3400.0,0.5965229852288988
726,3404.0,0.5562911739288401
727,3408.0,0.5719848108240417
728,3412.0,0.6248448331352833
729,3416.0,0.6088670699072732
730,3420.0,0.6306021422014895
731,3424.0,0.6360133787652642
732,3428.0,0.6792963899760494
733,3432.0,0.6004834739981718
734,3436.0,0.5786755104354153
735,3440.0,0.5854676570659301
736,3444.0,0.6040712279022729
737,3448.0,0.5934112940722861
738,3452.0,0.6218473121728343
739,3456.0,0.5917422750651177
740,3460.0,0.6038327117946376
741,3464.0,0.5601106783302215
742,3468.0,0.5914813523703203
743,3472.0,0.5697482245972652
744,3476.0,0.5751216160049352
745,3480.0,0.5933872866724736
746,3484.0,0.5824630401515828
747,3488.0,0.5803416026458962
748,3492.0,0.62282147122135
749,3496.0,0.5992775941851376
750,3500.0,0.5390672951229698
751,3504.0,0.5652131228926921
752,3508.0,0.5521884175328389
753,3512.0,0.6117728697897277
754,3516.0,0.5616861109997754
755,3520.0,0.5538519812010508
756,3524.0,0.5481954163704481
757,3528.0,0.5541570333181853
758,3532.0,0.4908297459276734
759,3536.0,0.5580387501955429
760,3540.0,0.5338366659243645
761,3544.0,0.5257243189381435
762,3548.0,0.5346165894897372
763,3552.0,0.5453901546724146
764,3556.0,0.5350800450672842
765,3560.0,0.5680960848272328
766,3564.0,0.5229315382050703
767,3568.0,0.5342623318244124
768,3572.0,0.5347307129600128
769,3576.0,0.5449271728759499
770,3580.0,0.5166522388847232
771,3584.0,0.546860954030946
772,3588.0,0.5292462204664956
773,3592.0,0.5282552706824252
774,3596.0,0.5612567656809913
775,3600.0,0.5226477746126976
776,3604.0,0.5404264331843153
777,3608.0,0.5739927979134551
778,3612.0,0.5560173136909486
779,3616.0,0.5397491703611439
780,3620.0,0.5563389050797536
781,3624.0,0.5756802107672407
782,3628.0,0.5253966002919503
783,3632.0,0.5519938332294791
784,3636.0,0.505092022273396
785,3640.0,0.5366209995022828
786,3644.0,0.5318549364285603
787,3648.0,0.5389118058635561
788,3652.0,0.5465119653711435
789,3656.0,0.5141055004882388
790,3660.0,0.49347720443720744
791,3664.0,0.5496912161773806
792,3668.0,0.5355619567344313
793,3672.0,0.5178410765013692
794,3676.0,0.5184114137950698
795,3680.0,0.5467218261649913
796,3684.0,0.5517064365138513
797,3688.0,0.52533902725724
798,3692.0,0.5232332115266052
799,3696.0,0.5162142627517311
800,3700.0,0.5438212575537149
801,3704.0,0.508230009386937
802,3708.0,0.5421197824386436
803,3712.0,0.48794291332689244
804,3716.0,0.5419022309190628
805,3720.0,0.5202134682775318
806,3724.0,0.5777700939388923
807,3728.0,0.5730407755790916
808,3732.0,0.6279406238708493
809,3736.0,0.5390297861429784
810,3740.0,0.5403772169104936
811,3744.0,0.5607997896977247
812,3748.0,0.49121299130415746
813,3752.0,0.5105641440819247
814,3756.0,0.49870412758784116
815,3760.0,0.5241781646298569
816,3764.0,0.4981229185740612
817,3768.0,0.5011904371935724
818,3772.0,0.4818386285366447
819,3776.0,0.5535263861637112
820,3780.0,0.5563962365619044
821,3784.0,0.5027167744922892
822,3788.0,0.48238208174679326
823,3792.0,0.5079639833897192
824,3796.0,0.47836746892572873
825,3800.0,0.4745011218699176
826,3804.0,0.476883646395292
827,3808.0,0.48039087083829546
828,3812.0,0.4619605770632922
829,3816.0,0.49585760488009323
830,3820.0,0.4888146182683751
831,3824.0,0.5035026319446235
832,3828.0,0.49428270152672826
833,3832.0,0.4789241965491093
834,3836.0,0.494611230827865
835,3840.0,0.4733751968498778
836,3844.0,0.461476288837413
837,3848.0,0.5052464177467881
838,3852.0,0.5126353128004372
839,3856.0,0.4765048125681969
840,3860.0,0.4322091612493488
841,3864.0,0.5313185565937072
842,3868.0,0.523952272901931
843,3872.0,0.5330639714697161
844,3876.0,0.5430953750984577
845,3880.0,0.4820527524881724
846,3884.0,0.4658024298839568
847,3888.0,0.5174322767228844
848,3892.0,0.5067673919574454
849,3896.0,0.4924104475260586
850,3900.0,0.5043147517434814
851,3904.0,0.4463107434354372
852,3908.0,0.4512127770329996
853,3912.0,0.5059466791508942
854,3916.0,0.4565210414493911
855,3920.0,0.45683188815805165
856,3924.0,0.44950849178126806
857,3928.0,0.485946903237324
858,3932.0,0.42881023865950924
859,3936.0,0.3933054274011199
860,3940.0,0.43284349414037887
861,3944.0,0.4364471813094812
862,3948.0,0.4597054105839586
863,3952.0,0.4320851373882486
864,3956.0,0.442338590291409
865,3960.0,0.43537800170595464
866,3964.0,0.4558204564951227
867,3968.0,0.41282968404978354
868,3972.0,0.43459423538267217
869,3976.0,0.43603399925207414
870,3980.0,0.4792900925052217
871,3984.0,0.4266422625114855
872,3988.0,0.4526395147218521
873,3992.0,0.47007667125668745
874,3996.0,0.45332797118684776
875,4000.0,0.4478384290775789
876,4004.0,0.4455397481867062
877,4008.0,0.455107365952603
878,4012.0,0.4381909562044784
879,4016.0,0.4207099497452083
880,4020.0,0.46176768266421386
881,4024.0,0.41374540025413714
882,4028.0,0.404804407713864
883,4032.0,0.4133953732238591
884,4036.0,0.4424523062209705
885,4040.0,0.4630727588363796
886,4044.0,0.4485305604638953
887,4048.0,0.4327622270798463
888,4052.0,0.4503526170763703
889,4056.0,0.4311625643739096
890,4060.0,0.3987220387447456
891,4064.0,0.40227633165104865
892,4068.0,0.4325469527130232
893,4072.0,0.4466892013994156
894,4076.0,0.425184823567958
895,4080.0,0.44646956369925855
896,4084.0,0.41953865838701776
897,4088.0,0.4742095715745194
898,4092.0,0.45882396352920657
899,4096.0,0.45638191953996177
900,4100.0,0.46154508533714145
901,4104.0,0.48538010045503116
902,4108.0,0.47033688334906626
903,4112.0,0.482213619292953
904,4116.0,0.5066797883446011
905,4120.0,0.44482044989941105
906,4124.0,0.4582342306200156
907,4128.0,0.4468232574141859
908,4132.0,0.4497042560630246
909,4136.0,0.44654771692087225
910,4140.0,0.4401116655744684
911,4144.0,0.4344410128524665
912,4148.0,0.4289138650670845
913,4152.0,0.44884922414640493
914,4156.0,0.4415545408467804
915,4160.0,0.4038312171713539
916,4164.0,0.45087202534146736
917,4168.0,0.45010192949218164
918,4172.0,0.4314782052274403
919,4176.0,0.40780338087355944
920,4180.0,0.4074323303160843
921,4184.0,0.43900871879341546
922,4188.0,0.41849414766443144
923,4192.0,0.4055160001283368
924,4196.0,0.38973316388345
925,4200.0,0.43235560808054074
926,4204.0,0.3940556781296014
927,4208.0,0.43757010027931587
928,4212.0,0.4611601486159581
929,4216.0,0.4299515880891448
930,4220.0,0.44107734697179474
931,4224.0,0.4226985396373624
932,4228.0,0.39021718198387967
933,4232.0,0.38697202826918925
934,4236.0,0.45176770871845423
935,4240.0,0.4809993456182269
936,4244.0,0.4197517592822743
937,4248.0,0.4226467101536383
938,4252.0,0.39917753015077406
939,4256.0,0.4434272842961691
940,4260.0,0.3997160416956904
941,4264.0,0.38166227885612053
942,4268.0,0.42604443422584704
943,4272.0,0.44078594368335045
944,4276.0,0.4204310486857833
945,4280.0,0.38951652533426634
946,4284.0,0.4300072637642558
947,4288.0,0.4217357217580297
948,4292.0,0.4664929792614514
949,4296.0,0.42381137870838376
950,4300.0,0.4134360898319149
951,4304.0,0.41926379523026114
952,4308.0,0.41545574330318463
953,4312.0,0.4702454293325746
954,4316.0,0.44357537581285045
955,4320.0,0.4719077909717639
956,4324.0,0.4644496020105081
957,4328.0,0.478348216494155
958,4332.0,0.4688197285198383
959,4336.0,0.5385663257947152
960,4340.0,0.5377797910031231
961,4344.0,0.5474588634365432
962,4348.0,0.5181173730805373
963,4352.0,0.49794484426039687
964,4356.0,0.5198630169465623
965,4360.0,0.5260838683090983
966,4364.0,0.4729868998874392
967,4368.0,0.5185593682821332
968,4372.0,0.5064596972066083
969,4376.0,0.5117057248814149
970,4380.0,0.493468595016667
971,4384.0,0.44429682134636916
972,4388.0,0.43870257563398257
973,4392.0,0.4252341903351972
974,4396.0,0.42630416679769856
975,4400.0,0.45660490814280524
976,4404.0,0.4386393123062938
977,4408.0,0.45133797152361727
978,4412.0,0.44486123981593484
979,4416.0,0.44446575458288096
980,4420.0,0.45113804989309203
981,4424.0,0.4393421511018388
982,4428.0,0.397706828133369
983,4432.0,0.42248004769862696
984,4436.0,0.4365724819903249
985,4440.0,0.4068490023580499
986,4444.0,0.4251114889443936
987,4448.0,0.44377436024601186
988,4452.0,0.4231700301137948
989,4456.0,0.44494303881589825
990,4460.0,0.42331974704511677
991,4464.0,0.419578182322696
992,4468.0,0.4155362387097356
993,4472.0,0.4391423789423709
994,4476.0,0.4621672789671928
995,4480.0,0.4259483520007733
996,4484.0,0.43305473662184785
997,4488.0,0.42566196468397405
998,4492.0,0.43839483265130824
999,4496.0,0.4854981809282789
1000,4500.0,0.4058306198617817
1001,4504.0,0.49129815124092574
1002,4508.0,0.4896485754290558
1003,4512.0,0.5104145067484166
1004,4516.0,0.44770764049142336
1005,4520.0,0.4782181565914658
1006,4524.0,0.4482421707387866
1007,4528.0,0.4722303688564003
1008,4532.0,0.4424961812520214
1009,4536.0,0.45032526754676444
1010,4540.0,0.4777319057841141
1011,4544.0,0.37601957755486487
1012,4548.0,0.46482742450928166
1013,4552.0,0.41620612514059213
1014,4556.0,0.46363891480743596
1015,4560.0,0.4677969022853243
1016,4564.0,0.48847079566907825
1017,4568.0,0.5136595241805779
1018,4572.0,0.509712715336127
1019,4576.0,0.48686361183571436
1020,4580.0,0.43570757331730375
1021,4584.0,0.4594165223247387
1022,4588.0,0.46160240969839106
1023,4592.0,0.4776012065719831
1024,4596.0,0.45280314128429566
1025,4600.0,0.4468530914129095
1026,4604.0,0.4859631561459809
1027,4608.0,0.49040824704787367
1028,4612.0,0.44631260629904135
1029,4616.0,0.5053905886198466
1030,4620.0,0.4808761885124565
1031,4624.0,0.45234201938148033
1032,4628.0,0.4605686552804539
1033,4632.0,0.4755834012554526
1034,4636.0,0.4779596704121402
1035,4640.0,0.46967272655216924
1036,4644.0,0.43639736648653077
1037,4648.0,0.4045174900525853
1038,4652.0,0.4425231840535255
1039,4656.0,0.489944045436203
1040,4660.0,0.47849589221108413
1041,4664.0,0.42881158163146776
1042,4668.0,0.4478798790526706
1043,4672.0,0.4252453770681237
1044,4676.0,0.39507121200192125
1045,4680.0,0.3946260604748952
1046,4684.0,0.4308396267090076
1047,4688.0,0.4294058115118292
1048,4692.0,0.4498786710423965
1049,4696.0,0.4441572309029939
1050,4700.0,0.43800980622313773
1051,4704.0,0.43440631746802255
1052,4708.0,0.4047998719378882
1053,4712.0,0.4629205535412252
1054,4716.0,0.45629823898061017
1055,4720.0,0.45360272741589786
1056,4724.0,0.43498885679032767
1057,4728.0,0.45154644744845596
1058,4732.0,0.4509881920046771
1059,4736.0,0.4409930653970599
1060,4740.0,0.4246727011927682
1061,4744.0,0.4693969594188445
1062,4748.0,0.4560104201236421
1063,4752.0,0.4399766531601581
1064,4756.0,0.4313628263428321
1065,4760.0,0.4310147525784302
1066,4764.0,0.43022831235417325
1067,4768.0,0.407436358827574
1068,4772.0,0.4326134449914588
1069,4776.0,0.43272895889632057
1070,4780.0,0.3802620670441963
1071,4784.0,0.43297547741893994
1072,4788.0,0.4543055311274253
1073,4792.0,0.4370648667756746
1074,4796.0,0.4697591523651109
1075,4800.0,0.43059382250973627
1076,4804.0,0.42479343133586456
1077,4808.0,0.462100096837227
1078,4812.0,0.43118879337546523
1079,4816.0,0.4547628988216493
1080,4820.0,0.4477614147255516
1081,4824.0,0.49111319709176077
1082,4828.0,0.4960506069458967
1083,4832.0,0.4986260556541696
1084,4836.0,0.47099104032215305
1085,4840.0,0.4765298092790442
1086,4844.0,0.550142846534966
1087,4848.0,0.5858038371131048
1088,4852.0,0.626788839382464
1089,4856.0,0.6335412858994065
1090,4860.0,0.6179593328858979
1091,4864.0,0.6992529840614986
1092,4868.0,0.6773251074452559
1093,4872.0,0.6661801728941636
1094,4876.0,0.6345465763092589
1095,4880.0,0.6166649504246816
1096,4884.0,0.5690588114861541
1097,4888.0,0.6196787570289465
1098,4892.0,0.5760203731952649
1099,4896.0,0.5880669881945684
1100,4900.0,0.5472559188037016
1101,4904.0,0.5316545497457622
1102,4908.0,0.5419148679553717
1103,4912.0,0.5320928493063
1104,4916.0,0.51680805915867
1105,4920.0,0.4599131033014169
1106,4924.0,0.49263832001455815
1107,4928.0,0.4530939186302121
1108,4932.0,0.5187715465918895
1109,4936.0,0.4745795012875939
1110,4940.0,0.4444775139928233
1111,4944.0,0.5273171515902637
1112,4948.0,0.48135417733927943
1113,4952.0,0.5258523515562725
1114,4956.0,0.6072468889446755
1115,4960.0,0.6544159730109969
1116,4964.0,0.6084926716656193
1117,4968.0,0.5500405324895432
1118,4972.0,0.5464755929215609
1119,4976.0,0.502739250439202
1120,4980.0,0.432238277397487
1121,4984.0,0.45720352159952077
1122,4988.0,0.4621537382869063
1123,4992.0,0.5306411424144822
1124,4996.0,0.4669712710054963
1125,5000.0,0.49287903752704504
1126,5004.0,0.7055750898161053
1127,5008.0,0.9075218583387469
1128,5012.0,0.8690421892441862
1129,5016.0,0.706816638441676
1130,5020.0,0.6032291855465868
1131,5024.0,0.6425245124345059
1132,5028.0,0.4967040359796705
1133,5032.0,0.411105783109993
1134,5036.0,0.45868961636641553
1135,5040.0,0.3780548484258479
1136,5044.0,0.38089109909994695
1137,5048.0,0.4471197415799015
1138,5052.0,0.4413731917685095
1139,5056.0,0.447375213219892
1140,5060.0,0.43034005305141754
1141,5064.0,0.4386033592340524
1142,5068.0,0.4226802455300078
1143,5072.0,0.42469460231050665
1144,5076.0,0.4586416747787812
1145,5080.0,0.4257690590647554
1146,5084.0,0.4125970991201316
1147,5088.0,0.38938274306658327
1148,5092.0,0.40284171174194755
1149,5096.0,0.3767741797412906
1150,5100.0,0.4410389079807202
1151,5104.0,0.37308580966801935
1152,5108.0,0.460338739703054
1153,5112.0,0.3739980134627403
1154,5116.0,0.40198100959815036
1155,5120.0,0.38463449383318965
1156,5124.0,0.44147076609854835
1157,5128.0,0.42967199201008277
1158,5132.0,0.43080199235739386
1159,5136.0,0.4401480491241153
1160,5140.0,0.3875396394626861
1161,5144.0,0.40583774917683696
1162,5148.0,0.44658640872111377
1163,5152.0,0.45595002075559354
1164,5156.0,0.4454757688320636
1165,5160.0,0.42349267864286216
1166,5164.0,0.39923451534869187
1167,5168.0,0.40904027832479956
1168,5172.0,0.3925993903525713
1169,5176.0,0.36763311601394727
1170,5180.0,0.38527630483351166
1171,5184.0,0.44193777912349697
1172,5188.0,0.43537986550653424
1173,5192.0,0.44253602964470984
1174,5196.0,0.4243490861533511
1175,5200.0,0.40625916435799214
1176,5204.0,0.4701775534972896
1177,5208.0,0.40767281517856835
1178,5212.0,0.4726555593799257
1179,5216.0,0.41203495765661075
1180,5220.0,0.42688703403399675
1181,5224.0,0.46333563754871565
1182,5228.0,0.39960540328508704
1183,5232.0,0.42273118478792104
1184,5236.0,0.3927621764206846
1185,5240.0,0.3997639782441564
1186,5244.0,0.35678835499396977
1187,5248.0,0.4703729731302071
1188,5252.0,0.39456121435707425
1189,5256.0,0.4320849476707088
1190,5260.0,0.4567771516674296
1191,5264.0,0.40166427586580583
1192,5268.0,0.3832654737998061
1193,5272.0,0.37082436296040816
1194,5276.0,0.4449233839739595
1195,5280.0,0.41156663532554155
1196,5284.0,0.47306456947426395
1197,5288.0,0.46764256795347414
1198,5292.0,0.4716415029542778
1199,5296.0,0.39428624568563675
1200,5300.0,0.46738582576833804
1201,5304.0,0.48183995566850824
1202,5308.0,0.4475122647287401
1203,5312.0,0.5077986649406094
1204,5316.0,0.4733854957607858
1205,5320.0,0.4503464689719647
1206,5324.0,0.46692878730530785
1207,5328.0,0.460816651566234
1208,5332.0,0.4245749046293134
1209,5336.0,0.4771097423389742
1210,5340.0,0.4526031513051851
1211,5344.0,0.40979928380956143
1212,5348.0,0.440236089037225
1213,5352.0,0.4522321979849725
1214,5356.0,0.42716711301302257
1215,5360.0,0.46833826898777825
1216,5364.0,0.4243465957426219
1217,5368.0,0.4011218044992545
1218,5372.0,0.42021700867075196
1219,5376.0,0.4433271523436971
1220,5380.0,0.4789973645875478
1221,5384.0,0.41101359717063485
1222,5388.0,0.4592809910427611
1223,5392.0,0.4389931761088911
1224,5396.0,0.4293334637551718
1225,5400.0,0.39320303242794247
1226,5404.0,0.4432372198317733
1227,5408.0,0.4037337984011287
1228,5412.0,0.40302035472231346
1229,5416.0,0.43942357230456247
1230,5420.0,0.3905465698527753
1231,5424.0,0.4647699351821123
1232,5428.0,0.4075881155632695
1233,5432.0,0.3738697946944422
1234,5436.0,0.37174223185616473
1235,5440.0,0.44582510573482004
1236,5444.0,0.4113372950011326
1237,5448.0,0.4338434939660205
1238,5452.0,0.40673769352092637
1239,5456.0,0.41422568360674694
1240,5460.0,0.393568452916529
1241,5464.0,0.41485491937375113
1242,5468.0,0.4259080563018392
1243,5472.0,0.4330039141927227
1244,5476.0,0.38921054661701965
1245,5480.0,0.4149455413392253
1246,5484.0,0.4040741980860435
1247,5488.0,0.4329246721039758
1248,5492.0,0.36628683544345886
1249,5496.0,0.45208232449261887
1250,5500.0,0.43765554896126996
1251,5504.0,0.47322636533880175
1252,5508.0,0.45214277802104447
1253,5512.0,0.4156921947043098
1254,5516.0,0.3638837332918533
1255,5520.0,0.41584189786650905
1256,5524.0,0.39457406174465187
1257,5528.0,0.4447036902475335
1258,5532.0,0.4857171422322494
1259,5536.0,0.41368282657239525
1260,5540.0,0.3803849979812052
1261,5544.0,0.38859204906561434
1262,5548.0,0.3946831965762031
1263,5552.0,0.4666948148105066
1264,5556.0,0.4495411359945801
1265,5560.0,0.3651346158577942
1266,5564.0,0.4481885706353531
1267,5568.0,0.3847881075376292
1268,5572.0,0.4347593213795897
1269,5576.0,0.4194042537649728
1270,5580.0,0.4075241526904009
1271,5584.0,0.37886368355076383
1272,5588.0,0.47064593060523546
1273,5592.0,0.43794662000615314
1274,5596.0,0.437900227456614
1275,5600.0,0.4348928330098009
1276,5604.0,0.4545354696955818
1277,5608.0,0.4115436544081996
1278,5612.0,0.43220020474248017
1279,5616.0,0.4329326208712872
1280,5620.0,0.3811111779809188
1281,5624.0,0.4403925442138267
1282,5628.0,0.3823550095700254
1283,5632.0,0.3929795211565649
1284,5636.0,0.3653706358406686
1285,5640.0,0.4144654563268966
1286,5644.0,0.36499329488269955
1287,5648.0,0.4030079153494658
1288,5652.0,0.39195718079072617
1289,5656.0,0.38403437359359044
1290,5660.0,0.3945630055173524
1291,5664.0,0.3592305440975085
1292,5668.0,0.43994754840521627
1293,5672.0,0.4175500737341545
1294,5676.0,0.3977006474724686
1295,5680.0,0.43347650164919216
1296,5684.0,0.47218442297468466
1297,5688.0,0.414248794449119
1298,5692.0,0.36198150633731824
1299,5696.0,0.43351475209714396
1300,5700.0,0.4130996372536698
1301,5704.0,0.4123681804739051
1302,5708.0,0.35248431231018157
1303,5712.0,0.4297409228464974
1304,5716.0,0.39716921198115496
1305,5720.0,0.47412263831445733
1306,5724.0,0.4498793426561358
1307,5728.0,0.4158424998490338
1308,5732.0,0.4043549116217993
1309,5736.0,0.4327169330781223
1310,5740.0,0.4403156928175624
1311,5744.0,0.40099300695111895
1312,5748.0,0.45983357951104065
1313,5752.0,0.47029269681983993
1314,5756.0,0.36101080655688833
1315,5760.0,0.46899374727082266
1316,5764.0,0.4615596960176051
1317,5768.0,0.45157826177377297
1318,5772.0,0.39816505705958716
1319,5776.0,0.38504279586184076
1320,5780.0,0.43676767212162615
1321,5784.0,0.4018703516634929
1322,5788.0,0.4191406139282809
1323,5792.0,0.35765358800635033
1324,5796.0,0.4445127767577355
1325,5800.0,0.3351574476619156
1326,5804.0,0.35390960350709033
1327,5808.0,0.42930285183252903
1328,5812.0,0.4555389874223672
1329,5816.0,0.43498839969779846
1330,5820.0,0.3734743359678728
1331,5824.0,0.4296264126258865
1332,5828.0,0.43618683977259015
1333,5832.0,0.38305086365264096
1334,5836.0,0.4340588150526827
1335,5840.0,0.4520812428898265
1336,5844.0,0.44116680211381665
1337,5848.0,0.42453970682323144
1338,5852.0,0.4571858439758039
1339,5856.0,0.4277661764891715
1340,5860.0,0.4015549770308214
1341,5864.0,0.404671252673363
1342,5868.0,0.42042007680673293
1343,5872.0,0.3822882090507235
1344,5876.0,0.4101062070809481
1345,5880.0,0.41690375704320864
1346,5884.0,0.44753368517317466
1347,5888.0,0.5040410937169497
1348,5892.0,0.43766341619641425
1349,5896.0,0.3906190641590632
1350,5900.0,0.4262344464388871
1351,5904.0,0.4360557315027128
1352,5908.0,0.40392531084861244
1353,5912.0,0.4168106874947637
1354,5916.0,0.4627210319494158
1355,5920.0,0.4200871512196943
1356,5924.0,0.4311402560498779
1357,5928.0,0.4434787642026355
1358,5932.0,0.43774754256502957
1359,5936.0,0.4975109719060654
1360,5940.0,0.45716546288064547
1361,5944.0,0.5105894222933681
1362,5948.0,0.4159677468304066
1363,5952.0,0.440541923874022
1364,5956.0,0.38619146710243857
1365,5960.0,0.39456360829368325
1366,5964.0,0.4383343439796233
1367,5968.0,0.4684827136656712
1368,5972.0,0.3774815936676727
1369,5976.0,0.4886776360927509
1370,5980.0,0.46017194623015584
1371,5984.0,0.41502261957853975
1372,5988.0,0.4030636939512132
1373,5992.0,0.4413864666553732
1374,5996.0,0.4462652784768295
1375,6000.0,0.4693364789297133
1376,6004.0,0.41677113154044587
1377,6008.0,0.4488660545920289
1378,6012.0,0.3284817228685376
1379,6016.0,0.40927061471498505
1380,6020.0,0.4118344144365237
1381,6024.0,0.44985435991472245
1382,6028.0,0.4216884613263083
1383,6032.0,0.400228750503091
1384,6036.0,0.3820863939156541
1385,6040.0,0.48643960618617843
1386,6044.0,0.37060796332545365
1387,6048.0,0.40603903404142716
1388,6052.0,0.4480769249400142
1389,6056.0,0.38119782918331974
1390,6060.0,0.41126053378052047
1391,6064.0,0.41050722392245387
1392,6068.0,0.39802730882307263
1393,6072.0,0.44119718761571264
1394,6076.0,0.45579390887911897
1395,6080.0,0.4254247935387669
1396,6084.0,0.44607958779697926
1397,6088.0,0.389958976428338
1398,6092.0,0.4297844624027432
1399,6096.0,0.4633511838488291
1400,6100.0,0.4342745206366154
1401,6104.0,0.4434679212093171
1402,6108.0,0.4694313759957668
1403,6112.0,0.3952161464995036
1404,6116.0,0.37471429002896744
1405,6120.0,0.4367270371184143
1406,6124.0,0.3558110805776994
1407,6128.0,0.43478291525496154
1408,6132.0,0.36868880766170675
1409,6136.0,0.34874115377350545
1410,6140.0,0.3999595099423728
1411,6144.0,0.4436937343778191
1412,6148.0,0.42068346016707775
1413,6152.0,0.3681195866409193
1414,6156.0,0.44464158087738037
1415,6160.0,0.36505858797020957
1416,6164.0,0.4094041234742102
1417,6168.0,0.44203645144133463
1418,6172.0,0.4609403281717104
1419,6176.0,0.3972370508883366
1420,6180.0,0.4000280181264117
1421,6184.0,0.43806622070896845
1422,6188.0,0.4523795912834527
1423,6192.0,0.36366994361492566
1424,6196.0,0.46669856516449204
1425,6200.0,0.3656116256030854
1426,6204.0,0.4349547688366326
1427,6208.0,0.3664976330580697
1428,6212.0,0.39563109588503037
1429,6216.0,0.3601551040450579
1430,6220.0,0.43906121099456363
1431,6224.0,0.45158562552326287
1432,6228.0,0.40554678897664465
1433,6232.0,0.46652052482337103
1434,6236.0,0.4087813299117855
1435,6240.0,0.43167062349534685
1436,6244.0,0.39688173662709497
1437,6248.0,0.3648595004153199
1438,6252.0,0.42959312108609654
1439,6256.0,0.4129278413286973
1440,6260.0,0.35718812020713564
1441,6264.0,0.41211492704278024
1442,6268.0,0.387685061848054
1443,6272.0,0.3900004052326975
1444,6276.0,0.4551582216467121
1445,6280.0,0.4335036908953241
1446,6284.0,0.4437341422584344
1447,6288.0,0.45482668320597447
1448,6292.0,0.42059089016707446
1449,6296.0,0.44388048329292695
1450,6300.0,0.43962680095935136
1451,6304.0,0.4834250267441421
1452,6308.0,0.4639177958067927
1453,6312.0,0.43222595376475353
1454,6316.0,0.4438502567392017
1455,6320.0,0.4113962648711756
1456,6324.0,0.36481818851193354
1457,6328.0,0.4017474941251031
1458,6332.0,0.3858275931430499
1459,6336.0,0.3853175330165875
1460,6340.0,0.42573338541200206
1461,6344.0,0.44520376372554454
1462,6348.0,0.33999954549827455
1463,6352.0,0.475669627068087
1464,6356.0,0.4274062470848496
1465,6360.0,0.41930836393519544
1466,6364.0,0.4014238670107561
1467,6368.0,0.442000757465986
1468,6372.0,0.3758484305769523
1469,6376.0,0.44443788030372466
1470,6380.0,0.48402213584436954
1471,6384.0,0.4548437381220616
1472,6388.0,0.4060613631046894
1473,6392.0,0.47200612983076895
1474,6396.0,0.41641423246056297
1475,6400.0,0.42808779370710115
1476,6404.0,0.43954183320130275
1477,6408.0,0.43073807214949295
1478,6412.0,0.42551214856747344
1479,6416.0,0.39343428994030205
1480,6420.0,0.41855303108662256
1481,6424.0,0.4907594961439567
1482,6428.0,0.37236861789719483
1483,6432.0,0.43032268351371206
1484,6436.0,0.4832758287125201
1485,6440.0,0.37908047077923546
1486,6444.0,0.43008040380477214
1487,6448.0,0.466180726665732
1488,6452.0,0.432401597269083
1489,6456.0,0.456279354701311
1490,6460.0,0.4139024949283945
1491,6464.0,0.555054754372871
1492,6468.0,0.49133280297238624
1493,6472.0,0.5716728348489887
1494,6476.0,0.4911271883078855
1495,6480.0,0.48306483583628274
1496,6484.0,0.40775181843335834
1497,6488.0,0.5504577489896616
1498,6492.0,0.5539001720061567
1499,6496.0,0.5341255887143141
1500,6500.0,0.5836874488293936
1501,6504.0,0.532182524414559
1502,6508.0,0.5964914035106373
1503,6512.0,0.5586276885662945
1504,6516.0,0.593951514010471
1505,6520.0,0.6525113403190952
1506,6524.0,0.757043398365266
1507,6528.0,0.7790932881214638
1508,6532.0,0.6385699361998097
1509,6536.0,0.8049337019902382
1510,6540.0,0.8919375548134348
1511,6544.0,1.0399735597954287
1512,6548.0,1.2756758668454304
1513,6552.0,1.4246321408705787
1514,6556.0,1.4644913465121743
1515,6560.0,1.4678315779047089
1516,6564.0,1.9853217165641737
1517,6568.0,2.030212919668431
1518,6572.0,1.6774132272792581
1519,6576.0,1.4624998347098097
1520,6580.0,1.4192210443968174
1521,6584.0,1.3187750283385073
1522,6588.0,1.1410912366080153
1523,6592.0,1.0108386982867705
1524,6596.0,0.9346212457073725
1525,6600.0,0.6297235790225828
1526,6604.0,0.7160495601506459
1527,6608.0,0.6646224914741615
1528,6612.0,0.656930085100813
1529,6616.0,0.6083562276959608
1530,6620.0,0.5378306466772056
1531,6624.0,0.523657108832544
1532,6628.0,0.5477248991849059
1533,6632.0,0.4823601241572252
1534,6636.0,0.4034093159039634
1535,6640.0,0.5264945232676033
1536,6644.0,0.5456628574308792
1537,6648.0,0.47364870088758365
1538,6652.0,0.41119504832323317
1539,6656.0,0.47340836545617054
1540,6660.0,0.5825109320666638
1541,6664.0,0.48923315828106057
1542,6668.0,0.5024174939310012
1543,6672.0,0.44674244948078323
1544,6676.0,0.48454041515964713
1545,6680.0,0.3848562221846817
1546,6684.0,0.37358051488182253
1547,6688.0,0.5578279145386972
1548,6692.0,0.4317079709142329
1549,6696.0,0.38670402565894174
1550,6700.0,0.4664476608541518
1551,6704.0,0.48300473540521466
1552,6708.0,0.333190741485595
1553,6712.0,0.39716364709388136
1554,6716.0,0.5791405789431957
1555,6720.0,0.5185845468797592
1556,6724.0,0.55506832585923
1557,6728.0,0.44931943792849455
1558,6732.0,0.5010502638231132
1559,6736.0,0.568217389917269
1560,6740.0,0.5225982251195763
1561,6744.0,0.4969002102049071
1562,6748.0,0.3972907617736246
1563,6752.0,0.3785920837956024
1564,6756.0,0.48403197344296145
1565,6760.0,0.4817088187467204
1566,6764.0,0.4451897252348842
1567,6768.0,0.5053077172447531
1568,6772.0,0.360976505584306
1569,6776.0,0.39488142211163774
1570,6780.0,0.48394821425516105
1571,6784.0,0.5315563447510454
1572,6788.0,0.3999257241485696
1573,6792.0,0.4268042728747419
1574,6796.0,0.49720951284446097
1575,6800.0,0.46528563232652626
1576,6804.0,0.42877469245906685
1577,6808.0,0.46070471433697147
1578,6812.0,0.4679197748802171
1579,6816.0,0.47892082104390016
1580,6820.0,0.45501651318266867
1581,6824.0,0.43058732462486937
1582,6828.0,0.3883755043902701
1583,6832.0,0.433595578850684
1584,6836.0,0.49337799605469873
1585,6840.0,0.4825565932584128
1586,6844.0,0.4326692111293933
1587,6848.0,0.46076249734908586
1588,6852.0,0.47515107552658725
1589,6856.0,0.45894075943136103
1590,6860.0,0.41210852421960664
1591,6864.0,0.4524102746703435
1592,6868.0,0.4626733769525927
1593,6872.0,0.5042455671774789
1594,6876.0,0.46460386168204637
1595,6880.0,0.41484357636134145
1596,6884.0,0.4485394921208385
1597,6888.0,0.39767640049955627
1598,6892.0,0.4304737945900298
1599,6896.0,0.44963052556391614
1600,6900.0,0.3386412864203704
1601,6904.0,0.43629322323965497
1602,6908.0,0.5159228978031591
1603,6912.0,0.4249788138517917
1604,6916.0,0.42831959378060125
1605,6920.0,0.4520684313086621
1606,6924.0,0.3581431210201888
1607,6928.0,0.3718247725608829
1608,6932.0,0.44016943081574245
1609,6936.0,0.4691729126909439
1610,6940.0,0.4617051784727871
1611,6944.0,0.5494571074915042
1612,6948.0,0.45981102923988965
1613,6952.0,0.42876960771729905
1614,6956.0,0.45940000496020134
1615,6960.0,0.4032851653572744
1616,6964.0,0.37726712333270657
1617,6968.0,0.4947496780507148
1618,6972.0,0.46912101045490406
1619,6976.0,0.39026308341472954
1620,6980.0,0.41576030058290364
1621,6984.0,0.498426985735933
1622,6988.0,0.3728174858405983
1623,6992.0,0.44566450524532947
1624,6996.0,0.5603619622035606
1625,7000.0,0.45623450828743534
1626,7004.0,0.3272962365676199
1627,7008.0,0.4225162915933336
1628,7012.0,0.4668642706097406
1629,7016.0,0.43408503901810214
1630,7020.0,0.4374466115310973
1631,7024.0,0.4884462419387093
1632,7028.0,0.478639825179526
1633,7032.0,0.4390029660375718
1634,7036.0,0.4215337068805047
1635,7040.0,0.5018111202517189
1636,7044.0,0.5260071012709115
1637,7048.0,0.4744561968334195
1638,7052.0,0.3988835038373135
1639,7056.0,0.38907099623420077
1640,7060.0,0.44578086948808565
1641,7064.0,0.4251565314835474
1642,7068.0,0.4581495583416956
1643,7072.0,0.37866784717670343
1644,7076.0,0.5050909799986923
1645,7080.0,0.4414701475419961
1646,7084.0,0.359173728310699
1647,7088.0,0.44558520279467556
1648,7092.0,0.4673389649990883
1649,7096.0,0.4070725624823066
1650,7100.0,0.32468256123164396
1651,7104.0,0.45204696857504856
1652,7108.0,0.42705089341582536
1653,7112.0,0.3908635274300018
1654,7116.0,0.4582121348299848
1655,7120.0,0.44460322074932157
1656,7124.0,0.5455630964557407
1657,7128.0,0.4161482814046523
1658,7132.0,0.4216897131662406
1659,7136.0,0.3786224679319087
1660,7140.0,0.4015705166755578
1661,7144.0,0.38880716619525774
1662,7148.0,0.43385671163925515
1663,7152.0,0.5285626953659149
1664,7156.0,0.47571614858620537
1665,7160.0,0.46061318689290565
1666,7164.0,0.4043036859082938
1667,7168.0,0.40429879020743675
1668,7172.0,0.45836286486705335
1669,7176.0,0.42519955101051066
1670,7180.0,0.48167232628008105
1671,7184.0,0.4817481691685951
1672,7188.0,0.48099436648543964
1673,7192.0,0.517153623811595
1674,7196.0,0.4550594412799649
1675,7200.0,0.40007819342877593
1676,7204.0,0.4292264278982938
1677,7208.0,0.45980309440744443
1678,7212.0,0.47796030472139944
1679,7216.0,0.41500502155539354
1680,7220.0,0.4827404327067964
1681,7224.0,0.49838455854617497
1682,7228.0,0.4823834214098911
1683,7232.0,0.5064541532816758
1684,7236.0,0.5276750617159037
1685,7240.0,0.36573199304398
1686,7244.0,0.49453030520746255
1687,7248.0,0.48130464527491806
1688,7252.0,0.3719054183161541
1689,7256.0,0.47812800986114845
1690,7260.0,0.453621249760743
1691,7264.0,0.5279586933315968
1692,7268.0,0.5258284012309349
1693,7272.0,0.48071248774789826
1694,7276.0,0.45848409355257047
1695,7280.0,0.4865863263010746
1696,7284.0,0.4798350169985256
1697,7288.0,0.5237105925002067
1698,7292.0,0.4863126314855318
1699,7296.0,0.5554112240721606
1700,7300.0,0.5270169879105198
1701,7304.0,0.5307513303867859
1702,7308.0,0.46553778622481057
1703,7312.0,0.5339731380468575
1704,7316.0,0.5626610713855457
1705,7320.0,0.5559600022527115
1706,7324.0,0.4952370195410886
1707,7328.0,0.6658383684015748
1708,7332.0,0.48966456816069004
1709,7336.0,0.42096416972651646
1710,7340.0,0.5549188901902975
1711,7344.0,0.47487423162199977
1712,7348.0,0.668672595880942
1713,7352.0,0.6313582233251192
1714,7356.0,0.5749444842886574
1715,7360.0,0.4655784517834045
1716,7364.0,0.5921247309115525
1717,7368.0,0.4601997250142941
1718,7372.0,0.5185045692838807
1719,7376.0,0.6556434813176522
1720,7380.0,0.5952286505524909
1721,7384.0,0.5489072564711952
1722,7388.0,0.4283908855552263
1723,7392.0,0.5281903624673637
1724,7396.0,0.4012060565142244
1725,7400.0,0.4938504245857953
1726,7404.0,0.5153893838207072
1727,7408.0,0.39272349260367584
1728,7412.0,0.5311702900194126
1729,7416.0,0.40754708434116976
1730,7420.0,0.5441394548552507
1731,7424.0,0.40306426856030364
1732,7428.0,0.4431815017307787
1733,7432.0,0.44614698730366936
1734,7436.0,0.4581027892055533
1735,7440.0,0.5468225348739102
1736,7444.0,0.5195226429987366
1737,7448.0,0.488657603635194
1738,7452.0,0.3314986963420176
1739,7456.0,0.4428406435011519
1740,7460.0,0.5442409271603913
1741,7464.0,0.5062640577066856
1742,7468.0,0.4960928059563193
1743,7472.0,0.460513814230144
1744,7476.0,0.4888211051929084
1745,7480.0,0.38232396432001825
1746,7484.0,0.4485333926191184
1747,7488.0,0.4414849432197149
1748,7492.0,0.4058118067720144
1749,7496.0,0.5688331388432029
1750,7500.0,0.45657612807098197
1751,7504.0,0.45108770938319254
1752,7508.0,0.4572349187521252
1753,7512.0,0.49484138619782136
1754,7516.0,0.4468066510007782
1755,7520.0,0.4866090444135946
1756,7524.0,0.5337718362244183
1757,7528.0,0.49330735002500337
1758,7532.0,0.5066147992443567
1759,7536.0,0.4928729748831223
1760,7540.0,0.5865104458475072
1761,7544.0,0.5150111735769499
1762,7548.0,0.3614510530779361
1763,7552.0,0.40276007208322756
1764,7556.0,0.42617268879403897
1765,7560.0,0.4844600940396205
1766,7564.0,0.4519000742920341
1767,7568.0,0.4910980847700605
1768,7572.0,0.4474864091114666
1769,7576.0,0.5487939263803685
1770,7580.0,0.5992916089355653
1771,7584.0,0.5471739415319745
1772,7588.0,0.5240939286658721
1773,7592.0,0.5905454164122613
1774,7596.0,0.37475263155528754
1775,7600.0,0.4832893125052524
1776,7604.0,0.4411153987482413
1777,7608.0,0.5303278730942776
1778,7612.0,0.5145630316525984
1779,7616.0,0.2943335478225589
1780,7620.0,0.4200704559687771
1781,7624.0,0.457302531338055
1782,7628.0,0.5121830783925339
1783,7632.0,0.5423435255091218
1784,7636.0,0.49395508518220044
1785,7640.0,0.46999415385592574
1786,7644.0,0.44386817415719226
1787,7648.0,0.48433962078588566
1788,7652.0,0.3094666161315599
1789,7656.0,0.4301965088308417
1790,7660.0,0.4741663065860343
1791,7664.0,0.5420664977065786
1792,7668.0,0.5098120213265414
1793,7672.0,0.4054588461458379
1794,7676.0,0.5188394485861383
1795,7680.0,0.4532629321540239
1796,7684.0,0.5287209179579624
1797,7688.0,0.4734653437130886
1798,7692.0,0.47784831356163665
1799,7696.0,0.5067280897667763
1800,7700.0,0.435829545365685
1801,7704.0,0.5306223200775253
1802,7708.0,0.42696064859459465
1803,7712.0,0.5496123336611549
1804,7716.0,0.44009805399950674
1805,7720.0,0.4308538944995791
1806,7724.0,0.3867127121125095
1807,7728.0,0.5025897668989985
1808,7732.0,0.57951541152531
1809,7736.0,0.5580188570988761
1810,7740.0,0.46202111461696727
1811,7744.0,0.4998581291554404
1812,7748.0,0.4966203907436031
1813,7752.0,0.4394821592524104
1814,7756.0,0.49056252781223647
1815,7760.0,0.48724144351421833
1816,7764.0,0.5425142542734485
1817,7768.0,0.44320549210475596
1818,7772.0,0.4176433078940962
1819,7776.0,0.47064122513073414
1820,7780.0,0.5035603452138818
1821,7784.0,0.3573062239593661
1822,7788.0,0.565134563046975
1823,7792.0,0.5470226544194373
1824,7796.0,0.576434586662389
1825,7800.0,0.563852688956246
1826,7804.0,0.5372146898008527
1827,7808.0,0.5445799422526644
1828,7812.0,0.540634876902582
1829,7816.0,0.49189242067803035
1830,7820.0,0.480858386629372
1831,7824.0,0.2594286943641975
1832,7828.0,0.4256285129988833
1833,7832.0,0.5907202778813744
1834,7836.0,0.5515297252912783
1835,7840.0,0.5030458342649944
1836,7844.0,0.5028515652928113
1837,7848.0,0.5249755559501054
1838,7852.0,0.44966077657324255
1839,7856.0,0.5269701221680938
1840,7860.0,0.5409032505470803
1841,7864.0,0.5076232536580182
1842,7868.0,0.48677135451090675
1843,7872.0,0.5217311409071216
1844,7876.0,0.5548812424351919
1845,7880.0,0.44327826427069655
1846,7884.0,0.546036801741322
1847,7888.0,0.5346718294087263
1848,7892.0,0.5907008695216561
1849,7896.0,0.45475546125037936
1850,7900.0,0.5463178820243648
1851,7904.0,0.4064982017505841
1852,7908.0,0.4540639580710835
1853,7912.0,0.5693343021691607
1854,7916.0,0.5580299477621016
1855,7920.0,0.5489329440724571
1856,7924.0,0.4725307453399604
1857,7928.0,0.4805142064952261
1858,7932.0,0.5282337070507575
1859,7936.0,0.3825975508117329
1860,7940.0,0.4406953620805403
1861,7944.0,0.574267722429693
1862,7948.0,0.5177248608196472
1863,7952.0,0.37648340241728767
1864,7956.0,0.4475427021121843
1865,7960.0,0.5335317996491729
1866,7964.0,0.48352004891027084
1867,7968.0,0.5129402793836124
1868,7972.0,0.49552049935780934
1869,7976.0,0.5435512365326053
1870,7980.0,0.5668670182174074
1871,7984.0,0.5093843288900374
1872,7988.0,0.5402008088556205
1873,7992.0,0.5194363914275678
1874,7996.0,0.5352571501964899
1875,8000.0,0.484927375089382
1876,8004.0,0.513278129668545
1877,8008.0,0.5128762641586986
1878,8012.0,0.5382415835444916
1879,8016.0,0.545674075917499
1880,8020.0,0.5532940212264792
1881,8024.0,0.5502916053708992
1882,8028.0,0.34439672799329635
1883,8032.0,0.47081774497008166
1884,8036.0,0.45649728833925257
1885,8040.0,0.5484943531250706
1886,8044.0,0.545067876690189
1887,8048.0,0.553260875424726
1888,8052.0,0.5705732523638961
1889,8056.0,0.5092706928255533
1890,8060.0,0.5581147404594079
1891,8064.0,0.5678976902161725
1892,8068.0,0.5276922148369885
1893,8072.0,0.5898524818858293
1894,8076.0,0.41722742896328047
1895,8080.0,0.423800754157211
1896,8084.0,0.4507516367162215
1897,8088.0,0.45433588598550206
1898,8092.0,0.5471654509717054
1899,8096.0,0.5333939891324389
1900,8100.0,0.5275516943859476
1901,8104.0,0.5564510305311567
1902,8108.0,0.5781848611115032
1903,8112.0,0.5373245694290189
1904,8116.0,0.557169734888997
1905,8120.0,0.5223231788589322
1906,8124.0,0.5070676962202961
1907,8128.0,0.4890358022332897
1908,8132.0,0.5645379618650945
1909,8136.0,0.5448394050539271
1910,8140.0,0.5571830513759172
1911,8144.0,0.5384319940512012
1912,8148.0,0.5599321233460354
1913,8152.0,0.5503594605372217
1914,8156.0,0.5010608847160894
1915,8160.0,0.5303240170334641
1916,8164.0,0.5229807850119723
1917,8168.0,0.5562249667906922
1918,8172.0,0.5307539665777373
1919,8176.0,0.5565052831726214
1920,8180.0,0.5098363749346858
1921,8184.0,0.47124927600958105
1922,8188.0,0.5075444466105969
1923,8192.0,0.4781416324523175
1924,8196.0,0.5323058975955846
1925,8200.0,0.5435525982105269
1926,8204.0,0.5055194813208477
1927,8208.0,0.48546552828920986
1928,8212.0,0.517776372182023
1929,8216.0,0.5657984436114969
1930,8220.0,0.5109306601065098
1931,8224.0,0.5371993760683127
1932,8228.0,0.5602007448006168
1933,8232.0,0.5303721901577303
1934,8236.0,0.5379505958891445
1935,8240.0,0.5893307316283213
1936,8244.0,0.5753872008252179
1937,8248.0,0.6147658028027366
1938,8252.0,0.5860334449546389
1939,8256.0,0.5923666888673538
1940,8260.0,0.6519130820914412
1941,8264.0,0.6624879532825645
1942,8268.0,0.699751993538324
1943,8272.0,0.5251533258441557
1944,8276.0,0.6318591214848931
1945,8280.0,0.4985312577123476
1946,8284.0,0.4863969585801291
1947,8288.0,0.6023549245600613
1948,8292.0,0.5624450881604197
1949,8296.0,0.5443459388816888
1950,8300.0,0.5337975237655903
1951,8304.0,0.5765839960353358
1952,8308.0,0.543565132480894
1953,8312.0,0.49299328261868547
1954,8316.0,0.4992019876204234
1955,8320.0,0.4965535476710232
1956,8324.0,0.5139937527468688
1957,8328.0,0.39456307220197984
1958,8332.0,0.35531172375912345
1959,8336.0,0.5823358919989314
1960,8340.0,0.386989453695904
1961,8344.0,0.5353616790361062
1962,8348.0,0.5468386010815484
1963,8352.0,0.5807860682012295
1964,8356.0,0.5582504096937253
1965,8360.0,0.554026178178251
1966,8364.0,0.5223111000955605
1967,8368.0,0.5152607595621246
1968,8372.0,0.46083550492772
1969,8376.0,0.50374650997275
1970,8380.0,0.430670080078194
1971,8384.0,0.34906296504666107
1972,8388.0,0.33021199278033
1973,8392.0,0.49940204261402127
1974,8396.0,0.3509545181374203
1975,8400.0,0.36218300178871515
1976,8404.0,0.535024429463896
1977,8408.0,0.49318165488390986
1978,8412.0,0.43380488024392305
1979,8416.0,0.0
1980,8420.0,0.5068001305473593
1981,8424.0,0.5598496966812659
1982,8428.0,0.4738511397065281
1983,8432.0,0.5065996322548937
1984,8436.0,0.4477910813324562
1985,8440.0,0.5148337063347949
1986,8444.0,0.5508417810671803
1987,8448.0,0.5539113240407085
1988,8452.0,0.5983216772207463
1989,8456.0,0.44783495207312196
1990,8460.0,0.586350357415852
1991,8464.0,0.5067185044949467
1992,8468.0,0.13168718792560877
1993,8472.0,0.53509796828962
1994,8476.0,0.4500791685283279
1995,8480.0,0.500422361011592
1996,8484.0,0.46266373702364144
1997,8488.0,0.5244691235329834
1998,8492.0,0.4331509308433317
1999,8496.0,0.5919639201327234
2000,8500.0,0.4307393568632477
2001,8504.0,0.46100195245454106
2002,8508.0,0.4253035739244548
2003,8512.0,0.49703767393270437
2004,8516.0,0.5075506790109194
2005,8520.0,0.5502656784163702
2006,8524.0,0.48570215729844596
2007,8528.0,0.49522387556368436
2008,8532.0,0.5053572511934326
2009,8536.0,0.5895143649081227
2010,8540.0,0.5283049247043378
2011,8544.0,0.44976403461928754
2012,8548.0,0.40891719687674305
2013,8552.0,0.5475783654000241
2014,8556.0,0.5490179044975836
2015,8560.0,0.6073492754952912
2016,8564.0,0.566122225646143
2017,8568.0,0.6158504366227794
2018,8572.0,0.6411750739658663
2019,8576.0,0.6842251126086082
2020,8580.0,0.5791466418132246
2021,8584.0,0.6835893354245575
2022,8588.0,0.7979365449550891
2023,8592.0,0.6134305654041488
2024,8596.0,0.6899866959293888
2025,8600.0,0.8652148369929874
2026,8604.0,0.9248019290937577
2027,8608.0,0.9720401134178452
2028,8612.0,0.9515648371042261
2029,8616.0,0.9060125148477065
2030,8620.0,0.884650177557667
2031,8624.0,0.905875707615536
2032,8628.0,0.9629629590102015
2033,8632.0,0.9896783787751174
2034,8636.0,0.9851315267552343
2035,8640.0,0.9276322876370682
2036,8644.0,0.8749983110352116
2037,8648.0,0.4797298248225617
2038,8652.0,0.8086476950728734
2039,8656.0,0.7370965875337502
2040,8660.0,0.656008443897384
2041,8664.0,0.4280615549823142
2042,8668.0,0.5745151675691246
2043,8672.0,0.5411835142950898
2044,8676.0,0.43298446105964283
2045,8680.0,0.42183516862991915
2046,8684.0,0.4566550314461342
2047,8688.0,0.4269616268353627
2048,8692.0,0.5158689772942348
2049,8696.0,0.23721784153896922
2050,8700.0,0.20780457067423957
2051,8704.0,0.5642832928963495
2052,8708.0,0.6094289106518785
2053,8712.0,0.5204030914260843
2054,8716.0,0.6635336871579437
2055,8720.0,0.5991671680085746
2056,8724.0,0.6047593422996134
2057,8728.0,0.5519997087439458
2058,8732.0,0.4879372578392787
2059,8736.0,0.7558875101817067
2060,8740.0,0.5169734134668947
2061,8744.0,0.03949017443942524
2062,8748.0,0.0
2063,8752.0,0.0
2064,8756.0,0.4010854335248053
2065,8760.0,0.8417349502785084
2066,8764.0,0.6533308687704388
2067,8768.0,0.7506563722013004
2068,8772.0,0.5691508181209306
2069,8776.0,0.6479281586249691
2070,8780.0,0.6563259385951562
2071,8784.0,0.5809025094768588
2072,8788.0,0.5627023097869118
2073,8792.0,0.8270870005422025
2074,8796.0,0.0
2075,8800.0,0.3102359443659932
2076,8804.0,1.0889944869565347
2077,8808.0,1.1901117543200745
2078,8812.0,1.1405538310359793
2079,8816.0,0.36480388460741764
2080,8820.0,0.6793935680857883
2081,8824.0,1.059227575133115
2082,8828.0,1.1186371568673221
2083,8832.0,1.3154648782214033
2084,8836.0,0.3109702789578979
2085,8840.0,0.6010873830684016
2086,8844.0,0.7430991813312483
2087,8848.0,0.6637169010383228
2088,8852.0,0.2587136247582085
2089,8856.0,0.0
2090,8860.0,0.5729392422172478
2091,8864.0,0.672285871477989
2092,8868.0,0.43076073840803536
2093,8872.0,0.7232955739162965
2094,8876.0,0.3822223001731586
2095,8880.0,0.0
2096,8884.0,0.0
2097,8888.0,0.0
2098,8892.0,0.0
2099,8896.0,0.0
2100,8900.0,0.6203965515660701
2101,8904.0,0.36996316839411275
2102,8908.0,0.0
2103,8912.0,0.27222879742473327
2104,8916.0,0.5123729320153557
2105,8920.0,0.5025620195688492
2106,8924.0,0.818957838839342
2107,8928.0,0.6222503038823117
2108,8932.0,0.4452942748930004
2109,8936.0,0.45517565788672576
2110,8940.0,0.043015795162080254
2111,8944.0,0.0
2112,8948.0,0.2964392473502037
2113,8952.0,0.04149701948686443
2114,8956.0,0.4459308954153696
2115,8960.0,0.7160524230880816
2116,8964.0,0.7806405642359822
2117,8968.0,0.4039610803436403
2118,8972.0,0.6488197995094805
2119,8976.0,0.5873841776147483
2120,8980.0,0.3403022725191833
2121,8984.0,0.20903274778407746
2122,8988.0,0.1290398141964901
2123,8992.0,0.41752033885013123
2124,8996.0,0.4421239113712744
2125,9000.0,0.40237680510978957
2126,9004.0,0.0
2127,9008.0,0.0
2128,9012.0,0.4868470875390753
2129,9016.0,0.6740853753093371
2130,9020.0,0.6627345597406341
2131,9024.0,0.0
2132,9028.0,0.19888464307295917
2133,9032.0,0.8042325957472513
2134,9036.0,0.2789464727134808
2135,9040.0,0.22949246605216284
2136,9044.0,0.0
2137,9048.0,0.0
2138,9052.0,0.5984261537439478
2139,9056.0,0.3792029688228753
2140,9060.0,0.7292662470909411
2141,9064.0,0.6303780819386797
2142,9068.0,0.0
2143,9072.0,0.8737824932170632
2144,9076.0,0.0
2145,9080.0,0.7045274111971744
2146,9084.0,0.0
2147,9088.0,0.0
2148,9092.0,0.40144704237881385
2149,9096.0,0.3467654522772168
2150,9100.0,0.0
2151,9104.0,1.315581772494041
2152,9108.0,0.6995156527537428
2153,9112.0,0.5268166269022079
2154,9116.0,0.0
2155,9120.0,0.0
2156,9124.0,0.8759581580465645
2157,9128.0,0.41532124745415433
2158,9132.0,0.1756578345957608
2159,9136.0,0.4091988025728727
2160,9140.0,0.22006048189679434
2161,9144.0,0.9533658316589256
2162,9148.0,0.0
2163,9152.0,0.15912554918453548
2164,9156.0,0.8790320480094035
2165,9160.0,0.4886814210924746
2166,9164.0,0.3452473058033154
2167,9168.0,0.239940977115973
2168,9172.0,0.38299270499776294
2169,9176.0,0.8575339984726333
2170,9180.0,0.7229811044669271
2171,9184.0,0.0
2172,9188.0,0.0
2173,9192.0,0.0
2174,9196.0,1.4419634705706852
2175,9200.0,0.0
2176,9204.0,0.0
2177,9208.0,1.3009208451078749
2178,9212.0,0.3990688641859612
2179,9216.0,0.8981068077064723
2180,9220.0,1.5082594131858482
2181,9224.0,0.0
2182,9228.0,1.0884612582255146
2183,9232.0,0.4637341794097767
2184,9236.0,1.7311469234264498
2185,9240.0,0.625077189090275
2186,9244.0,0.22058361955080905
2187,9248.0,0.5473062367057249
2188,9252.0,0.0
2189,9256.0,1.0765969189603222
2190,9260.0,0.29200661653178284
2191,9264.0,0.0
2192,9268.0,0.0
2193,9272.0,0.0
2194,9276.0,0.0
2195,9280.0,0.0
2196,9284.0,0.0
2197,9288.0,0.0
2198,9292.0,0.0
2199,9296.0,0.0
2200,9300.0,0.0
2201,9304.0,0.0
2202,9308.0,0.0
2203,9312.0,0.0
2204,9316.0,0.0
2205,9320.0,0.0
2206,9324.0,0.0
2207,9328.0,0.0
2208,9332.0,0.0
2209,9336.0,0.0
2210,9340.0,0.0
2211,9344.0,0.0
2212,9348.0,0.0
2213,9352.0,0.0
2214,9356.0,0.0
2215,9360.0,0.0
2216,9364.0,0.0
2217,9368.0,0.0
2218,9372.0,0.0
2219,9376.0,0.0
2220,9380.0,0.0
2221,9384.0,0.0
2222,9388.0,0.0
2223,9392.0,0.0
2224,9396.0,0.0
2225,9400.0,0.0
2226,9404.0,0.0
2227,9408.0,0.0
2228,9412.0,0.0
2229,9416.0,0.0
2230,9420.0,0.0
2231,9424.0,0.0
2232,9428.0,0.0
2233,9432.0,0.0
2234,9436.0,0.0
2235,9440.0,0.0
2236,9444.0,0.0
2237,9448.0,0.0
2238,9452.0,0.0
2239,9456.0,0.0
2240,9460.0,0.0
2241,9464.0,0.0
2242,9468.0,0.0
2243,9472.0,0.0
2244,9476.0,0.0
2245,9480.0,0.0
2246,9484.0,0.0
2247,9488.0,0.0
2248,9492.0,0.0
2249,9496.0,0.0
